threshold,known_samples_flagged,known_samples_total,false_positive_rate_percent,known_samples_not_flagged
0.25,64771,89583,72.30278066150943,24812
0.3,41825,89583,46.688545817844904,47758
0.35,29967,89583,33.45165935501156,59616
0.4,18276,89583,20.40119219048257,71307
0.45,13016,89583,14.529542435506738,76567
0.5,7994,89583,8.92356808769521,81589
0.55,6484,89583,7.237980420392262,83099
0.6,5061,89583,5.649509393523325,84522
0.6437319422245168,4172,89583,4.657133607939006,85411
0.65,3959,89583,4.419365281359187,85624
0.7,2893,89583,3.2294073652367077,86690
