dae_weight,confidence_weight,isolation_weight,threshold,unknown_detection_percent,known_false_positive_percent,specificity_percent,balanced_accuracy_percent
0.1,0.8,0.1,0.2,28.095238095238095,9.768594487793443,90.23140551220655,59.163321803722326
0.2,0.7,0.1,0.2,32.61904761904762,16.132525144279604,83.86747485572039,58.243261237384004
0.2,0.6,0.2,0.25,36.19047619047619,25.258140495406494,74.7418595045935,55.46616784753485
0.3,0.5,0.2,0.2,60.476190476190474,54.864204145875895,45.135795854124105,52.80599316515729
0.4,0.3,0.3,0.25,77.85714285714286,72.30278066150943,27.69721933849057,52.777181097816715
0.2,0.6,0.2,0.2,49.28571428571429,46.940825826328656,53.059174173671344,51.172444229692815
0.2,0.7,0.1,0.6,0.0,0.0,100.0,50.0
0.2,0.7,0.1,0.5,0.0,0.0,100.0,50.0
0.2,0.6,0.2,0.6,0.0,0.0,100.0,50.0
0.2,0.6,0.2,0.55,0.0,0.0,100.0,50.0
0.4,0.3,0.3,0.2,100.0,100.0,0.0,50.0
0.1,0.8,0.1,0.55,0.0,0.0,100.0,50.0
0.1,0.8,0.1,0.6,0.0,0.0,100.0,50.0
0.2,0.7,0.1,0.55,0.0,0.0,100.0,50.0
0.1,0.8,0.1,0.45,0.0,0.0,100.0,50.0
0.1,0.8,0.1,0.5,0.0,0.0,100.0,50.0
0.3,0.5,0.2,0.6,0.0,0.0011162832233794359,99.99888371677662,49.99944185838831
0.2,0.7,0.1,0.45,0.0,0.0011162832233794359,99.99888371677662,49.99944185838831
0.1,0.8,0.1,0.4,0.0,0.0011162832233794359,99.99888371677662,49.99944185838831
0.2,0.6,0.2,0.5,0.0,0.0022325664467588717,99.99776743355324,49.99888371677662
0.3,0.5,0.2,0.55,0.0,0.006697699340276616,99.99330230065972,49.99665115032986
0.1,0.8,0.1,0.35,0.0,0.008930265787035487,99.99106973421297,49.995534867106485
0.2,0.7,0.1,0.4,0.0,0.011162832233794358,99.9888371677662,49.9944185838831
0.2,0.6,0.2,0.45,0.0,0.014511681903932667,99.98548831809607,49.99274415904804
0.2,0.7,0.1,0.35,0.0,0.03795362959490082,99.9620463704051,49.98102318520255
0.1,0.8,0.1,0.3,0.0,0.055814161168971796,99.94418583883103,49.972092919415516
0.1,0.8,0.1,0.25,0.0,0.10939575589118472,99.89060424410881,49.94530212205441
0.3,0.5,0.2,0.45,3.8095238095238098,5.043367603228291,94.95663239677171,49.38307810314776
0.4,0.3,0.3,0.6,4.0476190476190474,5.649509393523325,94.35049060647667,49.19905482704786
0.2,0.7,0.1,0.25,4.285714285714286,5.9285801993681835,94.07141980063182,49.178567043173054
0.2,0.6,0.2,0.35,3.8095238095238098,5.492113459026824,94.50788654097317,49.15870517524849
0.3,0.5,0.2,0.4,4.761904761904762,6.916490852058985,93.08350914794102,48.92270695492289
0.4,0.3,0.3,0.55,4.761904761904762,7.237980420392262,92.76201957960774,48.76196217075625
0.3,0.5,0.2,0.5,0.4761904761904762,3.255081879374435,96.74491812062557,48.610554298408026
0.2,0.6,0.2,0.4,0.4761904761904762,3.2640121451614705,96.73598785483853,48.606089165514504
0.2,0.7,0.1,0.3,0.4761904761904762,3.338803121127892,96.6611968788721,48.56869367753129
0.4,0.3,0.3,0.5,5.714285714285714,8.92356808769521,91.07643191230478,48.395358813295246
0.3,0.5,0.2,0.35,5.952380952380952,9.210452876103725,90.78954712389627,48.37096403813861
0.2,0.6,0.2,0.3,5.238095238095238,8.690264894008907,91.3097351059911,48.27391517204317
0.4,0.3,0.3,0.45,6.904761904761905,14.529542435506738,85.47045756449326,46.187609734627586
0.3,0.5,0.2,0.3,9.047619047619047,17.658484310639295,82.3415156893607,45.69456736848988
0.4,0.3,0.3,0.4,10.476190476190476,20.40119219048257,79.59880780951744,45.03749914285396
0.3,0.5,0.2,0.25,15.0,28.588013350747353,71.41198664925264,43.20599332462632
0.4,0.3,0.3,0.3,30.238095238095237,46.688545817844904,53.311454182155096,41.774774710125165
0.4,0.3,0.3,0.35,16.19047619047619,33.45165935501156,66.54834064498844,41.369408417732316
