threshold,flagged_samples,total_samples,detection_rate_percent,missed_samples,miss_rate_percent
0.25,327,420,77.85714285714286,93,22.14285714285714
0.3,127,420,30.238095238095237,293,69.76190476190476
0.35,68,420,16.19047619047619,352,83.80952380952381
0.4,44,420,10.476190476190476,376,89.52380952380952
0.45,29,420,6.904761904761905,391,93.0952380952381
0.5,24,420,5.714285714285714,396,94.28571428571429
0.55,20,420,4.761904761904762,400,95.23809523809524
0.6,17,420,4.0476190476190474,403,95.95238095238095
0.6437319422245168,16,420,3.8095238095238098,404,96.19047619047619
0.65,16,420,3.8095238095238098,404,96.19047619047619
0.7,2,420,0.4761904761904762,418,99.52380952380952
