sample_id,true_class,dae_risk,confidence_risk,isolation_risk,novelty_risk,novelty_threshold,flagged_suspicious
0,8,0.03577675,0.012052716,0.7624816197920979,0.24667100008634152,0.6437319422245168,False
1,8,0.13735911,0.0,0.7432995498996796,0.27793351220553586,0.6437319422245168,False
2,8,0.37671483,0.0,0.9284269024983058,0.42921400696203144,0.6437319422245168,False
3,8,0.018075058,0.18381292,0.6903332894830239,0.2694738894935945,0.6437319422245168,False
4,8,0.4734006,0.0,0.8829392158007909,0.454242010802516,0.6437319422245168,False
5,8,1.0,0.0,0.8924163386728716,0.6677249075623259,0.6437319422245168,True
6,8,0.017313369,0.18306802,0.7068959028253582,0.27391452791481097,0.6437319422245168,False
7,8,0.36041808,0.0,0.9738638588031934,0.4363263871741535,0.6437319422245168,False
8,8,0.018641941,0.18478085,0.6917114030481086,0.27040445718648154,0.6437319422245168,False
9,8,0.21429755,0.0,0.7518385432133127,0.3112705821385696,0.6437319422245168,False
10,8,0.01681876,0.1859026,0.6968004500377079,0.27153842137777506,0.6437319422245168,False
11,8,0.0480293,0.0,0.7305900755788903,0.23838874334889712,0.6437319422245168,False
12,8,0.07043997,0.0,0.7251858675759761,0.24573174943869497,0.6437319422245168,False
13,8,0.043761775,0.0,0.7219826905965825,0.23409951788306296,0.6437319422245168,False
14,8,0.04616385,0.0,0.7280970769125248,0.23689466251427008,0.6437319422245168,False
15,8,0.1813086,0.0,0.883364623962821,0.33753282462924167,0.6437319422245168,False
16,8,0.017022483,0.19026041,0.7154947097831523,0.2785355322281586,0.6437319422245168,False
17,8,0.017784193,0.1845597,0.7015547700136421,0.2729480206194376,0.6437319422245168,False
18,8,0.019470897,0.0,0.7259456347484262,0.22557204914640996,0.6437319422245168,False
19,8,0.01803621,0.1836543,0.6792576267002498,0.26608806188936457,0.6437319422245168,False
20,8,0.1974176,0.0,0.8674707086997311,0.3392082548772419,0.6437319422245168,False
21,8,0.18420625,0.0,0.8942252616679767,0.34195008041251,0.6437319422245168,False
22,8,0.2637092,0.0,0.7805759898725315,0.33965647047469505,0.6437319422245168,False
23,8,0.1800669,0.0,0.8995236252038379,0.34188384694721397,0.6437319422245168,False
24,8,0.07208037,0.0,0.7821836902189595,0.26348725396359984,0.6437319422245168,False
25,8,0.019615153,0.18765026,0.6961524647046733,0.27298687879948635,0.6437319422245168,False
26,8,0.019325428,0.18697391,0.7074741320076109,0.2760645835477865,0.6437319422245168,False
27,8,0.018153928,0.18799473,0.7095857196820522,0.2765357116989119,0.6437319422245168,False
28,8,0.11754708,0.0,0.7662390917208309,0.2768905609746729,0.6437319422245168,False
29,8,0.037327982,0.0,0.722964066124314,0.23182041339020545,0.6437319422245168,False
30,8,0.017295692,0.1853354,0.7008104708976283,0.27276203594168225,0.6437319422245168,False
31,8,0.09894665,0.0,0.784371951629932,0.27489024681157326,0.6437319422245168,False
32,8,0.01708027,0.18235362,0.6869409123983954,0.2676204670943908,0.6437319422245168,False
33,8,0.23004873,0.0,0.8625607359588628,0.3507877116853143,0.6437319422245168,False
34,8,0.16743587,0.0,0.7683080395323606,0.297466761179643,0.6437319422245168,False
35,8,0.32898167,0.0,0.8156220558140269,0.3762792927877185,0.6437319422245168,False
36,8,0.019549135,0.1874436,0.6990116244090937,0.27375622557203005,0.6437319422245168,False
37,8,0.018762706,0.18555026,0.6822736591681092,0.2678522625739649,0.6437319422245168,False
38,8,0.019520076,0.18757156,0.6852071120741086,0.2696416343570386,0.6437319422245168,False
39,8,0.19354583,0.0,0.7318739221381391,0.2969805114235653,0.6437319422245168,False
40,8,0.12412704,0.0,0.7736069950006623,0.2817329128844207,0.6437319422245168,False
41,8,0.15442598,0.0,0.8782869718555254,0.3252564822758329,0.6437319422245168,False
42,8,0.0586165,0.0,0.7494895997361093,0.2482934808050319,0.6437319422245168,False
43,8,0.049378615,0.0,0.7199212892461797,0.23572783309546055,0.6437319422245168,False
44,8,0.017710686,0.18348223,0.6964889357563948,0.27107562318674017,0.6437319422245168,False
45,8,0.01736511,0.18539585,0.6862888491277954,0.26845145988837066,0.6437319422245168,False
46,8,0.1663788,0.0,1.0,0.3665515214204788,0.6437319422245168,False
47,8,0.080923595,0.0,0.7178763046839631,0.24773232996400585,0.6437319422245168,False
48,8,0.05232084,0.0,0.7224834294131569,0.23767336513135348,0.6437319422245168,False
49,8,0.15381971,0.0,0.85637757837994,0.31844115901059833,0.6437319422245168,False
50,8,0.104190424,0.0,0.7739969118749043,0.27387524468645275,0.6437319422245168,False
51,8,0.032320887,0.0,0.7143008708997757,0.227218615823811,0.6437319422245168,False
52,8,0.017038401,0.18341818,0.693599085243159,0.2699205429052155,0.6437319422245168,False
53,8,0.016883878,0.18364578,0.7193484874717914,0.27765183812834393,0.6437319422245168,False
54,8,0.026698878,0.0,0.7590755748524729,0.23840222385598608,0.6437319422245168,False
55,8,0.03618411,0.0,0.7335371861092681,0.23453479991800888,0.6437319422245168,False
56,8,0.018008225,0.18353695,0.6861582783578632,0.2681118588959812,0.6437319422245168,False
57,8,0.017341815,0.18293613,0.6838034513356994,0.2669586031962249,0.6437319422245168,False
58,8,0.017102728,0.18197355,0.6983676310438833,0.27094344440278173,0.6437319422245168,False
59,8,0.07244288,0.0,0.7102995905010709,0.24206703097310092,0.6437319422245168,False
60,8,0.016920248,0.18260403,0.6948029929730547,0.26999020753303926,0.6437319422245168,False
61,8,0.05627266,0.0,0.6969689962225339,0.231599763392126,0.6437319422245168,False
62,8,0.0856959,0.0,0.6974747449179829,0.24352078273953023,0.6437319422245168,False
63,8,0.01979219,0.0,0.7214345930847436,0.22434725404032793,0.6437319422245168,False
64,8,0.018261818,0.18431616,0.6965503795539507,0.2715646908758631,0.6437319422245168,False
65,8,0.81772864,0.0,0.8981577913161912,0.5965387928544521,0.6437319422245168,False
66,8,0.18762532,0.0,0.7218400883886666,0.29160215700308834,0.6437319422245168,False
67,8,0.36426982,0.0,0.8203767284117425,0.3918209536183561,0.6437319422245168,False
68,8,0.13951036,0.0,0.7632761301103309,0.2847869836241923,0.6437319422245168,False
69,8,0.08609233,0.0,0.7826839003411031,0.2692421037986009,0.6437319422245168,False
70,8,0.017553434,0.18892501,0.7212189196745719,0.28006455627680316,0.6437319422245168,False
71,8,0.07137597,0.0,0.7726338174547992,0.26034053539056307,0.6437319422245168,False
72,8,0.017080845,0.18242036,0.6843363890572104,0.26685936449538805,0.6437319422245168,False
73,8,0.019424522,0.0,0.7270364420174015,0.22588074170972264,0.6437319422245168,False
74,8,0.3332865,0.0,0.8136489173978028,0.3774092698457675,0.6437319422245168,False
75,8,0.033926893,0.0,0.7194714494688573,0.22941219242344088,0.6437319422245168,False
76,8,0.04448205,0.0,0.7409673688461089,0.24008302972166848,0.6437319422245168,False
77,8,0.17789595,0.0,0.9395502209530591,0.3530234456022477,0.6437319422245168,False
78,8,0.15537089,0.0,0.7361224913231784,0.2829851060698108,0.6437319422245168,False
79,8,0.09431371,0.0,0.8025972808025277,0.2785046701020597,0.6437319422245168,False
80,8,0.056674816,0.0,0.7710259152223891,0.2539777008524604,0.6437319422245168,False
81,8,0.01893714,0.18624672,0.6856371778688,0.2691400295031418,0.6437319422245168,False
82,8,0.33965245,0.0,0.8197190396176945,0.3817766914423457,0.6437319422245168,False
83,8,0.28711787,0.0,0.8248913793562801,0.3623145597815201,0.6437319422245168,False
84,8,0.027286414,0.0,0.748050552074309,0.2353297316176283,0.6437319422245168,False
85,8,0.042831026,0.0,0.7236159067848743,0.23421718281505766,0.6437319422245168,False
86,8,0.12024793,0.0,0.8192515137652813,0.2938746254998522,0.6437319422245168,False
87,8,0.0168123,0.18326835,0.6917738696124088,0.2692375899906734,0.6437319422245168,False
88,8,0.42110845,0.0,0.8810456780643274,0.43275708520564465,0.6437319422245168,False
89,8,0.4332408,0.0,0.8829392158007909,0.43817808219839005,0.6437319422245168,False
90,8,0.055777054,0.0,0.6981612114517516,0.2317591847750135,0.6437319422245168,False
91,8,0.016861744,0.18256016,0.7015056286344229,0.2719644382324606,0.6437319422245168,False
92,8,0.018386886,0.18683639,0.683220301491927,0.26837176067319835,0.6437319422245168,False
93,8,0.4014258,0.0,0.8255502139087207,0.4082353876398709,0.6437319422245168,False
94,8,0.016826607,0.18786608,0.6876340454274854,0.26938067959113243,0.6437319422245168,False
95,8,0.144544,0.0,0.7647322038622236,0.28723726555143403,0.6437319422245168,False
96,8,0.13029145,0.0,0.8796492261508196,0.3160113481527296,0.6437319422245168,False
97,8,0.018281395,0.18381228,0.6839549492422111,0.2676427275128176,0.6437319422245168,False
98,8,0.017081091,0.19208038,0.7017442574274783,0.2749798294953181,0.6437319422245168,False
99,8,0.018611185,0.18542576,0.6890545394510692,0.26978856642516447,0.6437319422245168,False
100,8,0.08046332,0.0,0.6989915412433226,0.2418827896346831,0.6437319422245168,False
101,8,0.017656455,0.18365476,0.6906569838543059,0.26935610443411234,0.6437319422245168,False
102,8,0.17733152,0.0,0.7723455000562365,0.3026362618399529,0.6437319422245168,False
103,8,0.42655298,0.0,0.9829790093376934,0.46551490419729646,0.6437319422245168,False
104,8,0.09616387,0.0,0.7768083858030644,0.2715080640476229,0.6437319422245168,False
105,8,0.041933287,0.0,0.7211892132035825,0.2331300791076402,0.6437319422245168,False
106,8,0.19068943,0.0,0.727295109627044,0.29446430623453734,0.6437319422245168,False
107,8,0.01678191,0.18626466,0.6996188609076334,0.27247782195427395,0.6437319422245168,False
108,8,0.055523805,0.0,0.7130707755391024,0.23613075590742297,0.6437319422245168,False
109,8,1.0,0.0,0.937373104654727,0.6812119373568826,0.6437319422245168,True
110,8,0.255339,0.0,0.7992535102016542,0.34191165172001164,0.6437319422245168,False
111,8,0.016962359,0.18273446,0.6943549889408319,0.26991177881010675,0.6437319422245168,False
112,8,0.017240357,0.18381017,0.6902559731264231,0.2691159884291684,0.6437319422245168,False
113,8,0.17120574,0.0,0.8149921407955345,0.312979944367929,0.6437319422245168,False
114,8,0.6460599,0.0,0.8513511279481607,0.5138292926328765,0.6437319422245168,False
115,8,0.01798193,0.1823308,0.6977314697541981,0.27121145492309895,0.6437319422245168,False
116,8,0.07088938,0.0,0.6965151437753017,0.2373102961818449,0.6437319422245168,False
117,8,0.046092734,0.0,0.7393106792700646,0.24023029690481296,0.6437319422245168,False
118,8,0.019709865,0.18392347,0.7170744468016201,0.2781833255065314,0.6437319422245168,False
119,8,0.13887295,0.0,0.8482866798084143,0.31003518594030033,0.6437319422245168,False
120,8,0.016891342,0.18264936,0.6929942873119624,0.2694496335685048,0.6437319422245168,False
121,8,0.027730538,0.0,0.7179882767711154,0.22648869787645554,0.6437319422245168,False
122,8,0.2034641,0.0,0.9678152541015085,0.37173021852056787,0.6437319422245168,False
123,8,0.20643714,0.0,0.7913030913044291,0.3199657866528415,0.6437319422245168,False
124,8,0.17868651,0.0,0.809831077831185,0.3144239276579607,0.6437319422245168,False
125,8,0.019658932,0.18724005,0.6997482961207347,0.2739600758489882,0.6437319422245168,False
126,8,0.05960804,0.0,0.7163730485571325,0.23875513034560977,0.6437319422245168,False
127,8,0.030643908,0.0,0.7524847219836039,0.23800298047665724,0.6437319422245168,False
128,8,0.017280955,0.18191426,0.6955502653034715,0.2701517372999247,0.6437319422245168,False
129,8,0.04465798,0.0,0.7305860866997551,0.23703901767414542,0.6437319422245168,False
130,8,0.05231812,0.0,0.717808399530166,0.23626976838168906,0.6437319422245168,False
131,8,1.0,0.0,0.9750531491221925,0.6925159506971222,0.6437319422245168,True
132,8,0.017144496,0.18993692,0.7332709267323697,0.2838201548035587,0.6437319422245168,False
133,8,0.20528673,0.0,0.9033804131801362,0.3531288130061458,0.6437319422245168,False
134,8,0.016883397,0.18919437,0.6859387326795747,0.26929328943964514,0.6437319422245168,False
135,8,0.051047478,0.0,0.7101894309654351,0.23347582155568944,0.6437319422245168,False
136,8,0.06305393,0.0,0.7465514337498479,0.24918700145121017,0.6437319422245168,False
137,8,0.041376244,0.0,0.7157716837014323,0.23128200319366352,0.6437319422245168,False
138,8,0.18384,0.0,0.7723766735421128,0.30524900320847353,0.6437319422245168,False
139,8,0.0739503,0.0,0.697123242025536,0.23871709260492374,0.6437319422245168,False
140,8,0.10385561,0.0,0.7669591456111647,0.27162998689581086,0.6437319422245168,False
141,8,0.019656792,0.18771999,0.7130817569216842,0.2781032471931205,0.6437319422245168,False
142,8,1.0,0.0,0.9069995947653853,0.6720998843900801,0.6437319422245168,True
143,8,0.1214757,0.0,0.8515031697454684,0.3040412310392449,0.6437319422245168,False
144,8,0.07611014,0.0,0.7915749230876564,0.26791653272196647,0.6437319422245168,False
145,8,0.053863414,0.0,0.7102986742385642,0.23463496772433567,0.6437319422245168,False
146,8,0.018731626,0.18585715,0.6965503795539507,0.27221491049513724,0.6437319422245168,False
147,8,0.079586335,0.0,0.7804428142758407,0.2659673795834839,0.6437319422245168,False
148,8,0.05757745,0.0,0.7009907090521785,0.23332819227447904,0.6437319422245168,False
149,8,0.019543463,0.18792443,0.7121881618898646,0.27785116508011626,0.6437319422245168,False
150,8,0.017040882,0.18324572,0.6967993592448071,0.2708298792012642,0.6437319422245168,False
151,8,0.04372156,0.0,0.7182425207757087,0.23296138113329207,0.6437319422245168,False
152,8,1.0,0.0,0.911743079126277,0.6735229296983476,0.6437319422245168,True
153,8,0.15779309,0.0,0.8816669930327298,0.3276173338087905,0.6437319422245168,False
154,8,0.3227322,0.0,0.7772025711674615,0.3622536583941914,0.6437319422245168,False
155,8,0.04635869,0.0,0.7730846035711133,0.25046885731018076,0.6437319422245168,False
156,8,0.08091857,0.0,0.7859922809485421,0.26816511491190864,0.6437319422245168,False
157,8,0.13966732,0.0,0.8197250619079283,0.3017844454808715,0.6437319422245168,False
158,8,0.054929644,0.0,0.704045144146746,0.23318540041925478,0.6437319422245168,False
159,8,0.15495384,0.0,0.8020465478183813,0.3025955007935162,0.6437319422245168,False
160,8,0.1556697,0.0,0.7408149915304084,0.2845123783459157,0.6437319422245168,False
161,8,0.17372733,0.0,0.8117176432650569,0.3130062249076749,0.6437319422245168,False
162,8,0.03048669,0.0,0.7283135075499623,0.23068872858971382,0.6437319422245168,False
163,8,0.01765788,0.18945551,0.7051191056242253,0.27543553931923703,0.6437319422245168,False
164,8,0.18420625,0.0,0.8942252616679767,0.34195008041251,0.6437319422245168,False
165,8,0.01703206,0.18249178,0.6912667906921977,0.26894039978509765,0.6437319422245168,False
166,8,0.016911767,0.18590501,0.6995628507212249,0.2724050650380685,0.6437319422245168,False
167,8,0.43030962,0.0,0.892242651997831,0.43979664499128657,0.6437319422245168,False
168,8,0.17343731,0.0,0.8117176432650569,0.3128902193677808,0.6437319422245168,False
169,8,0.01895147,0.18625987,0.6921421794274536,0.27110120082435274,0.6437319422245168,False
170,8,0.5857321,0.0,0.9368823199396878,0.5153575458802446,0.6437319422245168,False
171,8,0.054211758,0.0,0.7081306561485847,0.23412390119302035,0.6437319422245168,False
172,8,0.61257964,0.0,0.8372360313972258,0.4962026728701718,0.6437319422245168,False
173,8,0.20670092,0.0,0.7643576111015438,0.3119876502638089,0.6437319422245168,False
174,8,0.031962596,0.0,0.7586658886070828,0.240384805492931,0.6437319422245168,False
175,8,0.0780167,0.0,0.7889775842770194,0.26789995574487013,0.6437319422245168,False
176,8,1.0,0.0,0.8596857483112436,0.6579057304538376,0.6437319422245168,True
177,8,0.17371558,0.0,0.8061076580851179,0.3113185280373365,0.6437319422245168,False
178,8,0.20916617,0.0,1.0,0.38366646617650985,0.6437319422245168,False
179,8,0.017032875,0.18509196,0.6844753214399151,0.26768333654642495,0.6437319422245168,False
180,8,0.17274475,0.0,0.8265255628343121,0.3170555677508025,0.6437319422245168,False
181,8,0.109983064,0.0,0.7665976879736595,0.27397253357591667,0.6437319422245168,False
182,8,0.1993201,0.0,0.7326424512367038,0.29952077248992287,0.6437319422245168,False
183,8,0.15518649,0.0,0.761884095180618,0.2906398264791331,0.6437319422245168,False
184,8,0.016946035,0.18364285,0.707750650944567,0.2741964668638278,0.6437319422245168,False
185,8,0.036756203,0.0,0.7284084346892585,0.2332250116244599,0.6437319422245168,False
186,8,0.036584575,0.0,0.7290431692545002,0.2333467804817672,0.6437319422245168,False
187,8,0.4499115,0.0,0.8829392158007909,0.44484636673379807,0.6437319422245168,False
188,8,0.02639159,0.0,0.7270519862245699,0.22867223224554004,0.6437319422245168,False
189,8,0.0195773,0.18827759,0.7093800779156061,0.27712822484887156,0.6437319422245168,False
190,8,0.04507721,0.0,0.7164728962292385,0.23297275261313055,0.6437319422245168,False
191,8,0.017566692,0.18355289,0.6848194993866913,0.2675383961896131,0.6437319422245168,False
192,8,0.017019946,0.18317786,0.7071688725007822,0.27391200001398475,0.6437319422245168,False
193,8,0.038882054,0.0,0.7125039870340841,0.22930401767936995,0.6437319422245168,False
194,8,0.15442598,0.0,0.8782869718555254,0.3252564822758329,0.6437319422245168,False
195,8,0.074816205,0.0,0.7915749230876564,0.26739895951434967,0.6437319422245168,False
196,8,0.017126154,0.18282788,0.7002199287778544,0.2717648065258982,0.6437319422245168,False
197,8,0.06714235,0.0,0.705037350248885,0.23836814717697855,0.6437319422245168,False
198,8,0.12803017,0.0,0.8576309156625777,0.3085013433459195,0.6437319422245168,False
199,8,0.1745122,0.0,0.7214734517874284,0.2862469125789989,0.6437319422245168,False
200,8,0.13669841,0.0,0.8791415160885678,0.3184218187925585,0.6437319422245168,False
201,8,0.04053211,0.0,0.7028990003885446,0.22708254347508006,0.6437319422245168,False
202,8,0.17585737,0.0,0.7281369091784589,0.28878402327643726,0.6437319422245168,False
203,8,0.017825043,0.19572988,0.7581575958704245,0.29329626258538044,0.6437319422245168,False
204,8,0.016934274,0.18646823,0.6868980060661906,0.26878358366027694,0.6437319422245168,False
205,8,0.016828177,0.18375634,0.7032473559285701,0.27283238023833933,0.6437319422245168,False
206,8,0.4795177,0.0,0.9389806512205083,0.4735012717011058,0.6437319422245168,False
207,8,0.019375475,0.18689926,0.680727818869646,0.2680383128711866,0.6437319422245168,False
208,8,0.104190424,0.0,0.7739969118749043,0.27387524468645275,0.6437319422245168,False
209,8,0.644187,0.0,0.8610411625867525,0.5159871322442722,0.6437319422245168,False
210,8,0.032662366,0.0,0.7780864216297223,0.2464908725368784,0.6437319422245168,False
211,8,0.031632423,0.0,0.7225831508805151,0.2294279151832996,0.6437319422245168,False
212,8,0.1513924,0.0,0.7658188035219202,0.29030260041741396,0.6437319422245168,False
213,8,0.017169394,0.18292177,0.7056447373518334,0.27343771254089433,0.6437319422245168,False
214,8,0.12570365,0.0,0.7712085141544557,0.2816440155746047,0.6437319422245168,False
215,8,0.20035958,0.0,0.7493013359211891,0.304934232446641,0.6437319422245168,False
216,8,0.5215019,0.0,0.8494379374987938,0.4634321407558637,0.6437319422245168,False
217,8,0.031898975,0.0,0.7431859752950837,0.23571538310997991,0.6437319422245168,False
218,8,0.07127659,0.0,0.7014631545668607,0.23894958208876146,0.6437319422245168,False
219,8,0.09899247,0.0,0.7739046436771514,0.2717683791287172,0.6437319422245168,False
220,8,1.0,0.0,0.8700389651946226,0.6610116955188512,0.6437319422245168,True
221,8,0.05230532,0.0,0.7130118546903058,0.23482568451821578,0.6437319422245168,False
222,8,0.19401315,0.0,0.7824958672036415,0.31235402255981226,0.6437319422245168,False
223,8,0.017211832,0.18275258,0.6900905336728179,0.268737666779473,0.6437319422245168,False
224,8,0.019928697,0.1887081,0.713771107135071,0.27871524463231967,0.6437319422245168,False
225,8,0.08203995,0.0,0.7484818802852521,0.2573605457418886,0.6437319422245168,False
226,8,0.89238256,0.0,1.0,0.6569530248641968,0.6437319422245168,True
227,8,0.018266136,0.0,0.727043648601382,0.2254195488179651,0.6437319422245168,False
228,8,0.017014198,0.18295959,0.7032215419886492,0.2726600229286546,0.6437319422245168,False
229,8,0.32634655,0.0,0.7991607976344509,0.3702868667956377,0.6437319422245168,False
230,8,0.016952816,0.18294828,0.6911175015923519,0.2690008636819463,0.6437319422245168,False
231,8,0.072611414,0.0,0.7793403625708614,0.262846675447279,0.6437319422245168,False
232,8,0.017217025,0.18367411,0.7104683845319641,0.2751295619928328,0.6437319422245168,False
233,8,0.1605196,0.0,0.785462669313037,0.29984664523007976,0.6437319422245168,False
234,8,0.35304925,0.0,0.8368646400601476,0.39227909736129074,0.6437319422245168,False
235,8,0.07403397,0.0,0.7856446885737176,0.2653069945774196,0.6437319422245168,False
236,8,0.31249934,0.0,0.8385619313053418,0.37656831862128165,0.6437319422245168,False
237,8,0.26463777,0.0,0.8820831162031495,0.37048004216837893,0.6437319422245168,False
238,8,0.35528335,0.0,1.0,0.4421133428812027,0.6437319422245168,False
239,8,0.016833257,0.18905585,0.6917750152496486,0.2709825653597113,0.6437319422245168,False
240,8,0.019751536,0.18839775,0.7127773712342416,0.27825315148429375,0.6437319422245168,False
241,8,0.035901845,0.0,0.7073800917271512,0.22657476550500802,0.6437319422245168,False
242,8,0.038298413,0.0,0.7825262763843729,0.25007724799203257,0.6437319422245168,False
243,8,0.106907986,0.0,0.7725558549322268,0.2745299524115795,0.6437319422245168,False
244,8,1.0,0.0,0.9640482958983081,0.6892144947299569,0.6437319422245168,True
245,8,0.172546,0.0,0.8736591064513326,0.33111613314093946,0.6437319422245168,False
246,8,0.061143838,0.0,0.744929952658581,0.24793652057271218,0.6437319422245168,False
247,8,1.0,0.0,0.9750531491221925,0.6925159506971222,0.6437319422245168,True
248,8,0.09940754,0.0,0.7951965643480828,0.2783219840680185,0.6437319422245168,False
249,8,0.07788045,0.0,0.7770758279253828,0.26427492784231266,0.6437319422245168,False
250,8,0.06688717,0.0,0.7173063354480395,0.241946769782547,0.6437319422245168,False
251,8,0.016854547,0.18226048,0.7050645865142349,0.27293933979094037,0.6437319422245168,False
252,8,0.043915965,0.0,0.7276810357758,0.23587069734300956,0.6437319422245168,False
253,8,0.030130478,0.0,0.7148789388297987,0.2265158730703292,0.6437319422245168,False
254,8,0.017748078,0.18340428,0.6852646876613757,0.2676999221515793,0.6437319422245168,False
255,8,0.020020422,0.18857919,0.698384351000967,0.2740972359376497,0.6437319422245168,False
256,8,0.21437995,0.0,0.8072809513787448,0.32793626595676,0.6437319422245168,False
257,8,0.017787285,0.18804723,0.6900000142514955,0.27052909336865694,0.6437319422245168,False
258,8,0.09616387,0.0,0.7768083858030644,0.2715080640476229,0.6437319422245168,False
259,8,0.063399956,0.0,0.7568678223491107,0.2524203293293832,0.6437319422245168,False
260,8,0.1237925,0.0,0.8513593737547923,0.304924814083139,0.6437319422245168,False
261,8,0.10488094,0.0,0.7946159208200874,0.2803371515686065,0.6437319422245168,False
262,8,0.2561461,0.0,0.8468361031987055,0.3565092707269723,0.6437319422245168,False
263,8,0.028551716,0.0,0.7234109753676614,0.22844397933955077,0.6437319422245168,False
264,8,0.01695178,0.18551941,0.6862383798985519,0.26830805364933125,0.6437319422245168,False
265,8,0.3949527,0.0,0.949404784839766,0.44280251824898026,0.6437319422245168,False
266,8,0.15546998,0.0,0.7410312076448287,0.2844973580550815,0.6437319422245168,False
267,8,0.046727218,0.0,0.6968977341785276,0.22776020809216035,0.6437319422245168,False
268,8,0.049824566,0.0,0.7119097176979592,0.23350274156900078,0.6437319422245168,False
269,8,0.066931985,0.0,0.6980590238988906,0.23619050241471856,0.6437319422245168,False
270,8,0.12227463,0.0,0.7715268235924598,0.2803679012215959,0.6437319422245168,False
271,8,0.069647744,0.0,0.7882310553877674,0.26432841396299367,0.6437319422245168,False
272,8,0.2639063,0.0,0.808145133772521,0.34800606313914917,0.6437319422245168,False
273,8,0.12646727,0.0,0.7784261993158845,0.28411476885047515,0.6437319422245168,False
274,8,0.04700883,0.0,0.7009466031429754,0.22908751410953956,0.6437319422245168,False
275,8,0.01794748,0.18445069,0.6888855105863865,0.26917985398253363,0.6437319422245168,False
276,8,0.054964475,0.0,0.6993087795342303,0.2317784236212163,0.6437319422245168,False
277,8,0.42397225,0.0,0.8439945470603993,0.4227872726712433,0.6437319422245168,False
278,8,0.4097058,0.0,0.8324276872520414,0.4136106213344564,0.6437319422245168,False
279,8,1.0,0.0,1.0,0.7000000059604645,0.6437319422245168,True
280,8,0.13669841,0.0,0.8791415160885678,0.3184218187925585,0.6437319422245168,False
281,8,0.017404443,0.18293571,0.6850772726473144,0.2673656755070964,0.6437319422245168,False
282,8,0.27660668,0.0,0.855887513100266,0.3674089255151628,0.6437319422245168,False
283,8,0.7218138,0.0,0.962211153403498,0.5773888711618118,0.6437319422245168,False
284,8,0.016960118,0.18258731,0.7196508174196554,0.27745548859404545,0.6437319422245168,False
285,8,0.027347203,0.025521696,0.7167481876442743,0.23361984631508328,0.6437319422245168,False
286,8,0.016833855,0.18300046,0.6947470787185823,0.2700578036313771,0.6437319422245168,False
287,8,0.26061958,0.0,0.8024336235352492,0.34497791786873744,0.6437319422245168,False
288,8,0.18217757,0.0,0.7782923867962414,0.30635874541585606,0.6437319422245168,False
289,8,0.07483196,0.0,0.7807897565626107,0.2641697127480209,0.6437319422245168,False
290,8,0.047365036,0.0,0.752560389646538,0.24471413123865363,0.6437319422245168,False
291,8,0.018639773,0.18604639,0.6908107081026751,0.27051304367097967,0.6437319422245168,False
292,8,0.12547995,0.0,0.7542901881605578,0.2764790363034663,0.6437319422245168,False
293,8,0.018746898,0.18463284,0.6844973381863597,0.26823781628926285,0.6437319422245168,False
294,8,0.046864532,0.0,0.7224569386408811,0.2354828951110269,0.6437319422245168,False
295,8,0.08955221,0.0,0.7746616951224964,0.2682193913041878,0.6437319422245168,False
296,8,0.20374037,0.0,0.7915459998517062,0.31895994925704074,0.6437319422245168,False
297,8,0.01681032,0.1828131,0.6952042496882941,0.2701293302083929,0.6437319422245168,False
298,8,0.4499115,0.0,0.8829392158007909,0.44484636673379807,0.6437319422245168,False
299,8,0.01811407,0.18426736,0.7467859930146455,0.2865616365179038,0.6437319422245168,False
300,8,0.9306638,0.0,0.9424255593090783,0.6549932153066853,0.6437319422245168,True
301,8,0.03274882,0.0,0.7275152276612376,0.2313540962161736,0.6437319422245168,False
302,8,0.01725638,0.18323727,0.6897544357379539,0.26880006844402143,0.6437319422245168,False
303,8,0.8609679,0.0,0.8597044554741796,0.6022984804925804,0.6437319422245168,False
304,8,0.019816695,0.18871571,0.7181641678804792,0.2799906423924755,0.6437319422245168,False
305,8,1.0,0.0,0.8773465326904764,0.6632039657676074,0.6437319422245168,True
306,8,0.019117113,0.18316337,0.7003251267483561,0.27269339719446684,0.6437319422245168,False
307,8,0.22598916,0.0,0.7190199854530113,0.3061016622947817,0.6437319422245168,False
308,8,0.033338774,0.0,0.7118837777237225,0.22690064347416544,0.6437319422245168,False
309,8,0.102989316,0.0,0.7712978557725103,0.27258508461652253,0.6437319422245168,False
310,8,1.0,0.0,0.9453177824073963,0.6835953406826834,0.6437319422245168,True
311,8,0.10718532,0.0,0.8440354355084493,0.29608475827895386,0.6437319422245168,False
312,8,0.018633544,0.18458016,0.6811381592032497,0.2671689156793709,0.6437319422245168,False
313,8,0.04665697,0.0,0.7312618019721108,0.238041328565514,0.6437319422245168,False
314,8,0.49295124,0.0,0.8340327029383137,0.4473903055475936,0.6437319422245168,False
315,8,0.055665363,0.0,0.7449241990007973,0.2457434054958229,0.6437319422245168,False
316,8,0.1526357,0.0,0.8287250953377587,0.3096718067664296,0.6437319422245168,False
317,8,0.017066667,0.18339033,0.7052028581192461,0.27340462519795794,0.6437319422245168,False
318,8,0.016957538,0.18277392,0.6873826683937309,0.26782999564346066,0.6437319422245168,False
319,8,0.016811717,0.1829668,0.6969804050969194,0.2707088472678396,0.6437319422245168,False
320,8,0.15920451,0.0,0.7803294776315519,0.297780646933169,0.6437319422245168,False
321,8,0.07788045,0.0,0.7770758279253828,0.26427492784231266,0.6437319422245168,False
322,8,0.16879165,0.0,0.7908186450694277,0.30476225570125204,0.6437319422245168,False
323,8,0.20862567,0.0,0.7930597580692893,0.3213682001001157,0.6437319422245168,False
324,8,0.017238341,0.18269739,0.6836082979827435,0.26678704305855366,0.6437319422245168,False
325,8,0.19459233,0.0,0.9049632770045559,0.3493259138531673,0.6437319422245168,False
326,8,0.16194463,0.0,0.786679182308943,0.3007816057974192,0.6437319422245168,False
327,8,0.018132271,0.18440388,0.7103966636647695,0.2756930727717255,0.6437319422245168,False
328,8,0.047181755,0.0,0.698447787522749,0.22840703875108836,0.6437319422245168,False
329,8,0.016916014,0.18198128,0.695067816198152,0.26988113618501475,0.6437319422245168,False
330,8,0.06170699,0.0,0.7104218193415508,0.23780934143137053,0.6437319422245168,False
331,8,0.13145733,0.0,0.7911616043959179,0.28993141209227197,0.6437319422245168,False
332,8,0.31171456,0.0,0.8379947636688471,0.37608425301804305,0.6437319422245168,False
333,8,0.016826244,0.18433616,0.7032473559285701,0.27300555408315363,0.6437319422245168,False
334,8,0.035091624,0.0,0.7253924526146346,0.2316543856224803,0.6437319422245168,False
335,8,0.066003576,0.0,0.7836251909944085,0.261488987666746,0.6437319422245168,False
336,8,0.18594816,0.0,0.8046154306167983,0.3157638944934196,0.6437319422245168,False
337,8,0.104190424,0.0,0.7739969118749043,0.27387524468645275,0.6437319422245168,False
338,8,0.18643287,0.0,0.7208467602339358,0.2908271798374346,0.6437319422245168,False
339,8,0.172769,0.0,0.8049944707419565,0.31060594077903303,0.6437319422245168,False
340,8,0.017090302,0.1824651,0.7194078569891005,0.2773980119908437,0.6437319422245168,False
341,8,0.07231111,0.0,0.778277055177761,0.26240756124367504,0.6437319422245168,False
342,8,0.019611401,0.0,0.722714650906421,0.22465895605155742,0.6437319422245168,False
343,8,0.017487664,0.18962927,0.690336944865767,0.27098493194806095,0.6437319422245168,False
344,8,0.080442555,0.0,0.7915749230876564,0.26964950051590797,0.6437319422245168,False
345,8,0.05428379,0.0,0.6991969346603615,0.2314725961417217,0.6437319422245168,False
346,8,1.0,0.0,0.9453177824073963,0.6835953406826834,0.6437319422245168,True
347,8,0.08440299,0.0,0.7568686220328772,0.26082178617360485,0.6437319422245168,False
348,8,0.16709286,0.0,0.8071659575342358,0.3089869341385132,0.6437319422245168,False
349,8,0.16743587,0.0,0.7683080395323606,0.297466761179643,0.6437319422245168,False
350,8,0.13209368,0.0,0.777821068747687,0.286183793033316,0.6437319422245168,False
351,8,0.016805192,0.18330038,0.6910853636762126,0.26903780333699656,0.6437319422245168,False
352,8,0.019864446,0.18851796,0.6977754057989347,0.27383378808336933,0.6437319422245168,False
353,8,0.15093254,0.0,0.8782869718555254,0.32385910725842837,0.6437319422245168,False
354,8,1.0,0.0,1.0,0.7000000059604645,0.6437319422245168,True
355,8,0.14047101,0.0,0.7836398033770943,0.29128034557321736,0.6437319422245168,False
356,8,0.017564682,0.18326272,0.6874090090512756,0.2682273918425895,0.6437319422245168,False
357,8,0.019624395,0.1881763,0.6980211264679391,0.2737089910146463,0.6437319422245168,False
358,8,0.3974381,0.0,0.8335347801111536,0.40903567760176646,0.6437319422245168,False
359,8,0.01766677,0.18384294,0.7040512123014616,0.27343495736438295,0.6437319422245168,False
360,8,0.017461456,0.18208168,0.7017177513825215,0.27212441851458896,0.6437319422245168,False
361,8,0.19856772,0.0,0.8921753371549122,0.34707968696333386,0.6437319422245168,False
362,8,0.23164126,0.0,0.9396967599767932,0.37456553608114984,0.6437319422245168,False
363,8,0.018127838,0.18374753,0.6792576267002498,0.266152684500172,0.6437319422245168,False
364,8,0.070956044,0.0,0.7746484607365599,0.26077695689817876,0.6437319422245168,False
365,8,0.04036192,0.0,0.7167899884950367,0.23118176395211362,0.6437319422245168,False
366,8,0.016877236,0.183053,0.717307036860003,0.27685890517926626,0.6437319422245168,False
367,8,0.017212206,0.18299149,0.6883829489391983,0.2682972186816317,0.6437319422245168,False
368,8,0.02869924,0.0,0.7442702395132609,0.2347607681128808,0.6437319422245168,False
369,8,0.5620969,0.0,0.9172146501311654,0.5000031585147677,0.6437319422245168,False
370,8,0.17530309,0.0,0.8117176432650569,0.31363652912501344,0.6437319422245168,False
371,8,0.17982492,0.0,0.7603862816816548,0.3000458533980244,0.6437319422245168,False
372,8,0.033849712,0.0,0.7174111569416128,0.2287632322532416,0.6437319422245168,False
373,8,0.7474626,0.0,0.9271880243147951,0.5771414415218097,0.6437319422245168,False
374,8,0.19696955,0.0,0.9543293849983043,0.3650866415011354,0.6437319422245168,False
375,8,0.16709286,0.0,0.8071659575342358,0.3089869341385132,0.6437319422245168,False
376,8,0.111899264,0.0,0.7771396852069942,0.2779016112248256,0.6437319422245168,False
377,8,0.16147178,0.0,0.7983902601785327,0.30410579616984323,0.6437319422245168,False
378,8,0.1697963,0.0,0.7148070912664931,0.28236065152602796,0.6437319422245168,False
379,8,0.020018779,0.18880948,0.6939672038548578,0.2728405179260191,0.6437319422245168,False
380,8,0.09616387,0.0,0.7768083858030644,0.2715080640476229,0.6437319422245168,False
381,8,0.35517204,0.0,0.804737916013852,0.3834901930157111,0.6437319422245168,False
382,8,0.15851118,0.0,0.7913233123095649,0.30080146437501365,0.6437319422245168,False
383,8,0.028864838,0.0,0.7164087456645649,0.22646855934506896,0.6437319422245168,False
384,8,0.01864901,0.18492225,0.7024177850727031,0.273661619169825,0.6437319422245168,False
385,8,0.020639252,0.18398592,0.7099660709969038,0.2764412976942013,0.6437319422245168,False
386,8,0.022120481,0.18817566,0.708244609288171,0.2777742795502529,0.6437319422245168,False
387,8,0.016829507,0.1847242,0.6961069873980024,0.2709811626974147,0.6437319422245168,False
388,8,0.031575058,0.0,0.7435271146889717,0.23568815746892066,0.6437319422245168,False
389,8,0.15469691,0.0,0.7347231799986239,0.28229572086412535,0.6437319422245168,False
390,8,0.018906869,0.0,0.7379424705060823,0.22894548884265134,0.6437319422245168,False
391,8,0.017199269,0.18326683,0.6838466597076313,0.26701375462043453,0.6437319422245168,False
392,8,0.4223875,0.0,0.8362945215768094,0.41984336962898,0.6437319422245168,False
393,8,0.019288186,0.18671483,0.6863443162537052,0.26963302065421446,0.6437319422245168,False
394,8,0.102475844,0.0,0.7712978557725103,0.27237969446120713,0.6437319422245168,False
395,8,0.15645015,0.0,0.8871415083909452,0.32872251645637807,0.6437319422245168,False
396,8,0.107387155,0.0,0.7824586825733577,0.27769246688977467,0.6437319422245168,False
397,8,0.0386011,0.0,0.7087581115193021,0.22806787419250166,0.6437319422245168,False
398,8,0.13773166,0.0,0.8121499000325902,0.29873763258263775,0.6437319422245168,False
399,8,0.016861964,0.18324412,0.6952345406734258,0.2702883902407679,0.6437319422245168,False
400,8,0.046744045,0.0,0.7581516981859244,0.24614312703130356,0.6437319422245168,False
401,8,0.079314314,0.0,0.7576994623381016,0.25903556572312464,0.6437319422245168,False
402,8,0.018957721,0.1862353,0.7024177850727031,0.2741790098382172,0.6437319422245168,False
403,8,0.11499083,0.0,0.8217561242169847,0.29252317166884867,0.6437319422245168,False
404,8,0.07788045,0.0,0.7770758279253828,0.26427492784231266,0.6437319422245168,False
405,8,0.055533808,0.0,0.7135822945046212,0.23628821255885915,0.6437319422245168,False
406,8,0.33445916,0.0,0.8061546769988484,0.3756300713793023,0.6437319422245168,False
407,8,0.07489775,0.0,0.6938113271674922,0.23810249938015374,0.6437319422245168,False
408,8,0.18780285,0.0,0.811423943793424,0.3185483251081848,0.6437319422245168,False
409,8,0.15502895,0.0,0.7604899400425175,0.2901585629270142,0.6437319422245168,False
410,8,0.17372733,0.0,0.8117176432650569,0.3130062249076749,0.6437319422245168,False
411,8,0.32898167,0.0,0.8156220558140269,0.3762792927877185,0.6437319422245168,False
412,8,0.14499377,0.0,0.7735550719479738,0.2900640276962524,0.6437319422245168,False
413,8,0.0646381,0.0,0.6933506470705448,0.23386043546454247,0.6437319422245168,False
414,8,0.017125808,0.18362907,0.7119484434565208,0.27552357882381384,0.6437319422245168,False
415,8,0.16098782,0.0,0.7896079410933753,0.3012775120086461,0.6437319422245168,False
416,8,0.13149402,0.0,0.7705420839485958,0.2837602336018513,0.6437319422245168,False
417,8,0.02220684,0.0,0.7326550253613533,0.2286792434642834,0.6437319422245168,False
418,8,0.06231271,0.0,0.7524614763083312,0.2506635276771263,0.6437319422245168,False
419,8,0.11745104,0.0,0.7871313737964672,0.28311983040380606,0.6437319422245168,False
