batch_size,flows_per_sec,avg_latency_ms,mpps_equivalent,single_flow_p50_us,single_flow_p95_us,single_flow_p99_us,onnx_total_size_kb,peak_ram_mb
1,6196.1534899798135,0.16139044999727048,0.006196153489979813,108.99998596869409,217.2350214095784,363.94797643879417,31.4248046875,374.91796875
8,34626.218630218485,0.028879849996883422,0.03462621863021849,108.99998596869409,217.2350214095784,363.94797643879417,31.4248046875,374.91796875
16,40931.351984453424,0.02443114999914542,0.040931351984453426,108.99998596869409,217.2350214095784,363.94797643879417,31.4248046875,374.91796875
32,44905.978101954446,0.022268750003164434,0.044905978101954444,108.99998596869409,217.2350214095784,363.94797643879417,31.4248046875,374.91796875
64,63781.90700818871,0.015678427424122232,0.06378190700818871,108.99998596869409,217.2350214095784,363.94797643879417,31.4248046875,374.91796875
128,62625.57731655064,0.015967916669978877,0.06262557731655063,108.99998596869409,217.2350214095784,363.94797643879417,31.4248046875,374.91796875
256,81990.84001430435,0.01219648438564036,0.08199084001430436,108.99998596869409,217.2350214095784,363.94797643879417,31.4248046875,374.91796875
512,58361.478693407385,0.017134589842271453,0.05836147869340739,108.99998596869409,217.2350214095784,363.94797643879417,31.4248046875,374.91796875
1024,59895.75565304962,0.01669567382691639,0.05989575565304962,108.99998596869409,217.2350214095784,363.94797643879417,31.4248046875,374.91796875
